{
  "__version__": "1.0.3",
  "builder": {},
  "gizmos-infos": {
    "is2D": false,
    "is3DIcon": false,
    "iconSize": 2,
    "gridVisible": true,
    "originAxis2D": {
      "x_visible": true,
      "y_visible": true,
      "z_visible": false
    },
    "originAxis3D": {
      "x_visible": true,
      "y_visible": false,
      "z_visible": true
    },
    "gridColor": [
      166,
      166,
      166,
      255
    ],
    "transformToolName": "position",
    "pivot": "pivot",
    "coordinate": "local",
    "toolsVisibility3d": true
  },
  "snap-configs": {
    "position": {
      "x": 1,
      "y": 1,
      "z": 1
    },
    "rotation": 1,
    "scale": 1,
    "isPositionSnapEnabled": false,
    "isRotationSnapEnabled": false,
    "isScaleSnapEnabled": false
  },
  "rect-snap-configs": {
    "enableSnapping": true,
    "snapThreshold": 4
  },
  "camera-infos": {
    "f6109a68-002d-4ae8-96c4-b33ec656d512": {
      "position": {
        "x": 17.122647617917636,
        "y": 17.122647617917636,
        "z": 17.122647617917636
      },
      "rotation": {
        "x": -0.27984814233312133,
        "y": 0.3647051996310009,
        "z": 0.11591689595929512,
        "w": 0.8804762392171493
      },
      "viewCenter": {
        "x": 0,
        "y": 0,
        "z": 0
      },
      "contentRect": {
        "x": 0,
        "y": 0,
        "width": 1064,
        "height": 838
      },
      "scale": 1
    },
    "75bf36da-833d-47b5-b680-2dd80e20d4ec": {
      "position": {
        "x": 14.792555365800172,
        "y": 14.792555365800169,
        "z": 14.792555365800167
      },
      "rotation": {
        "x": -0.27984814233312133,
        "y": 0.3647051996310009,
        "z": 0.11591689595929512,
        "w": 0.8804762392171493
      },
      "viewCenter": {
        "x": 0,
        "y": 0,
        "z": 0
      },
      "contentRect": {
        "x": 0,
        "y": 0,
        "width": 1064,
        "height": 838
      },
      "scale": 1
    },
    "e10d12d5-1e58-4f12-bd10-dc8aa75bfdc9": {
      "position": {
        "x": 14.792555365805912,
        "y": 14.792555365805908,
        "z": 14.792555365805907
      },
      "rotation": {
        "x": -0.27984814233312133,
        "y": 0.3647051996310009,
        "z": 0.11591689595929512,
        "w": 0.8804762392171493
      },
      "viewCenter": {
        "x": 0,
        "y": 0,
        "z": 0
      },
      "contentRect": {
        "x": 0,
        "y": 0,
        "width": 1064,
        "height": 838
      },
      "scale": 1
    },
    "20669cbc-1682-4605-8235-ccfa0d4bb65b": {
      "position": {
        "x": 14.79255536580304,
        "y": 14.792555365803038,
        "z": 14.792555365803034
      },
      "rotation": {
        "x": -0.27984814233312133,
        "y": 0.3647051996310009,
        "z": 0.11591689595929512,
        "w": 0.8804762392171493
      },
      "viewCenter": {
        "x": 0,
        "y": 0,
        "z": 0
      },
      "contentRect": {
        "x": 0,
        "y": 0,
        "width": 1064,
        "height": 838
      },
      "scale": 1
    },
    "53a145a8-5f63-455e-adc9-f56c7170cdd9": {
      "position": {
        "x": 14.79255536580304,
        "y": 14.792555365803038,
        "z": 14.792555365803034
      },
      "rotation": {
        "x": -0.27984814233312133,
        "y": 0.3647051996310009,
        "z": 0.11591689595929512,
        "w": 0.8804762392171493
      },
      "viewCenter": {
        "x": 0,
        "y": 0,
        "z": 0
      },
      "contentRect": {
        "x": 0,
        "y": 0,
        "width": 1064,
        "height": 838
      },
      "scale": 1
    },
    "a94e59f8-b96a-4344-adfb-39e53c940513": {
      "position": {
        "x": 14.79255536580304,
        "y": 14.792555365803038,
        "z": 14.792555365803034
      },
      "rotation": {
        "x": -0.27984814233312133,
        "y": 0.3647051996310009,
        "z": 0.11591689595929512,
        "w": 0.8804762392171493
      },
      "viewCenter": {
        "x": 0,
        "y": 0,
        "z": 0
      },
      "contentRect": {
        "x": 0,
        "y": 0,
        "width": 1064,
        "height": 838
      },
      "scale": 1
    },
    "e3dd3e07-3652-4130-9286-e4dc532c2b02": {
      "position": {
        "x": 14.79255536580304,
        "y": 14.792555365803038,
        "z": 14.792555365803034
      },
      "rotation": {
        "x": -0.27984814233312133,
        "y": 0.3647051996310009,
        "z": 0.11591689595929512,
        "w": 0.8804762392171493
      },
      "viewCenter": {
        "x": 0,
        "y": 0,
        "z": 0
      },
      "contentRect": {
        "x": 0,
        "y": 0,
        "width": 1064,
        "height": 838
      },
      "scale": 1
    },
    "d4b4d72d-25b5-4b5f-ad0a-443392c2deb2": {
      "position": {
        "x": 14.79255536580304,
        "y": 14.792555365803038,
        "z": 14.792555365803034
      },
      "rotation": {
        "x": -0.27984814233312133,
        "y": 0.3647051996310009,
        "z": 0.11591689595929512,
        "w": 0.8804762392171493
      },
      "viewCenter": {
        "x": 0,
        "y": 0,
        "z": 0
      },
      "contentRect": {
        "x": 0,
        "y": 0,
        "width": 1064,
        "height": 838
      },
      "scale": 1
    },
    "2d2f792f-a40c-49bb-a189-ed176a246e49": {
      "position": {
        "x": 6.872020452505623,
        "y": 6.872020452505623,
        "z": 6.872020452505623
      },
      "rotation": {
        "x": -0.27984814233312133,
        "y": 0.3647051996310009,
        "z": 0.11591689595929512,
        "w": 0.8804762392171493
      },
      "viewCenter": {
        "x": 0,
        "y": 0,
        "z": 0
      },
      "contentRect": {
        "x": 0,
        "y": 0,
        "width": 1738,
        "height": 696
      },
      "scale": 1
    },
    "bcc96e62-9788-452f-9e63-a27f7cc10bd3": {
      "position": {
        "x": 26.183902744187918,
        "y": 26.183902744187915,
        "z": 26.18390274418791
      },
      "rotation": {
        "x": -0.27984814233312133,
        "y": 0.3647051996310009,
        "z": 0.11591689595929512,
        "w": 0.8804762392171493
      },
      "viewCenter": {
        "x": 0,
        "y": 0,
        "z": 0
      },
      "contentRect": {
        "x": 0,
        "y": 0,
        "width": 1738,
        "height": 548
      },
      "scale": 1
    },
    "fa799f9a-5115-4edc-bc82-c073cc372d4a": {
      "position": {
        "x": 47.82926234941127,
        "y": 47.82926234941126,
        "z": 47.82926234941125
      },
      "rotation": {
        "x": -0.27984814233312133,
        "y": 0.3647051996310009,
        "z": 0.11591689595929512,
        "w": 0.8804762392171493
      },
      "viewCenter": {
        "x": 0,
        "y": 0,
        "z": 0
      },
      "contentRect": {
        "x": 0,
        "y": 0,
        "width": 600,
        "height": 300
      },
      "scale": 1
    }
  },
  "camera-uuids": [
    "f6109a68-002d-4ae8-96c4-b33ec656d512",
    "75bf36da-833d-47b5-b680-2dd80e20d4ec",
    "e10d12d5-1e58-4f12-bd10-dc8aa75bfdc9",
    "20669cbc-1682-4605-8235-ccfa0d4bb65b",
    "53a145a8-5f63-455e-adc9-f56c7170cdd9",
    "a94e59f8-b96a-4344-adfb-39e53c940513",
    "e3dd3e07-3652-4130-9286-e4dc532c2b02",
    "d4b4d72d-25b5-4b5f-ad0a-443392c2deb2",
    "2d2f792f-a40c-49bb-a189-ed176a246e49",
    "bcc96e62-9788-452f-9e63-a27f7cc10bd3",
    "fa799f9a-5115-4edc-bc82-c073cc372d4a"
  ],
  "camera": {
    "color": [
      48,
      48,
      48,
      255
    ],
    "fov": 45,
    "far": 10000,
    "near": 0.01,
    "wheelSpeed": 0.01,
    "wanderSpeed": 10,
    "enableAcceleration": true,
    "size": "__default_design__",
    "far2D": 10000,
    "near2D": 1,
    "wheelSpeed2D": 6,
    "iso": 0,
    "aperture": 19,
    "shutter": 7
  }
}
